ID,name,address
29694603-4f20-4f99-b1d8-eefc3d535f68,name-29694603,address-29694603
1368924f-5d24-461a-b0a2-941647f476ff,name-1368924,address-1368924
13689259-bf96-4c92-97e2-327ae7a8ff75,name-1368925,address-1368925
1368926e-341d-4766-bf5f-294c3a8e3db1,name-1368926,address-1368926
13689273-a64a-4b4c-9e3c-678728636178,name-1368927,address-1368927
1368928a-abdb-4a3d-a090-5ba9269472d5,name-1368928,address-1368928
1368929d-c3b4-4ed9-a855-fc686cfdd1f9,name-1368929,address-1368929
1368930f-e2cf-48eb-9428-035814671e5f,name-1368930,address-1368930
13689317-7f07-4eee-919b-31b40bfe45d7,name-1368931,address-1368931
1368932b-d2b5-42a4-a6d1-8332f24d877f,name-1368932,address-1368932